frame,tiempo_s,clase,confianza,distancia_m,riesgo,impacto
38,1.268436752136752,Vehicle,0.4491291642189026,0.5610780656921385,Muy cercano,6.73693746328354
42,1.4019564102564104,Vehicle,0.2950294613838196,0.5504928239912715,Muy cercano,4.425441920757295
44,1.4687162393162394,Vehicle,0.3031916618347168,0.5496544660747908,Muy cercano,4.547874927520753
48,1.6022358974358974,Pedestrian Infrastructure,0.6410072445869446,1.0848432903346223,Cercano,9.4390688338673
50,1.6689957264957265,Pedestrian Infrastructure,0.6439407467842102,1.2685664107993455,Cercano,9.378630718717853
52,1.7357555555555557,Pedestrian Infrastructure,0.7778084874153137,1.3933816590382346,Cercano,11.236736410464891
54,1.8025153846153847,Vehicle,0.5877062678337097,2.97295265517287,Medio,6.68308944957107
56,1.8692752136752138,Vehicle,0.4295615255832672,3.124610998170254,Medio,4.857912191166581
58,1.9360350427350428,Vehicle,0.3420056104660034,3.209090585893703,Medio,3.865702973208271
60,2.002794871794872,Vehicle,0.5993396043777466,3.138915946565439,Medio,6.851768021679185
62,2.069554700854701,Vehicle,0.6690722107887268,9.707671834368456,Lejano,3.66852547472123
62,2.069554700854701,Vehicle,0.37905353307724,3.19164925807229,Medio,4.3260246219060265
62,2.069554700854701,Vehicle,0.26507067680358887,6.773691197576746,Lejano,2.141026394958655
64,2.13631452991453,Vehicle,0.6190239191055298,8.442926952212057,Lejano,4.0168340084014575
64,2.13631452991453,Vehicle,0.5914428234100342,5.928342123963976,Lejano,5.196672690468834
64,2.13631452991453,Vehicle,0.48409304022789,3.1138331289273595,Medio,5.609544771118518
66,2.203074358974359,Vehicle,0.5623822212219238,8.794148142926693,Lejano,3.525220580677856
66,2.203074358974359,Vehicle,0.5235576033592224,2.9793121423741167,Medio,6.171006630445652
66,2.203074358974359,Vehicle,0.25708600878715515,8.64409362440626,Lejano,1.6417526346047282
68,2.269834188034188,Vehicle,0.6741487383842468,9.103026834848938,Lejano,4.096857847956693
68,2.269834188034188,Vehicle,0.40556493401527405,5.509205659076172,Lejano,3.751254149302056
68,2.269834188034188,Vehicle,0.36466023325920105,2.9071865531107672,Medio,4.360904600372134
68,2.269834188034188,Pedestrian Infrastructure,0.2559058368206024,1.2442532093113625,Cercano,3.728285944676673
70,2.336594017094017,Vehicle,0.33059918880462646,8.940718562590591,Lejano,2.0656916754651147
70,2.336594017094017,Pedestrian Infrastructure,0.2621820569038391,2.495983353501616,Medio,3.292300415715642
72,2.403353846153846,Vehicle,0.47835493087768555,5.169946408367033,Lejano,4.627159796741228
72,2.403353846153846,Vehicle,0.40079906582832336,9.024069965256851,Lejano,2.4922580270638988
72,2.403353846153846,Vehicle,0.25216925144195557,2.9504363502785167,Medio,2.9740875974946634
76,2.536873504273504,Vehicle,0.34910768270492554,9.226157916561215,Lejano,2.1098397586558377
78,2.6036333333333332,Vehicle,0.3880404829978943,8.662454613845707,Lejano,2.501118903094579
80,2.6703931623931623,Vehicle,0.5770090818405151,8.972130779326353,Lejano,3.5574196413852808
82,2.7371529914529917,Vehicle,0.6500693559646606,9.080737965746893,Lejano,3.9253485335300904
82,2.7371529914529917,Vehicle,0.26207202672958374,7.487039451350694,Lejano,1.9368856865655655
84,2.8039128205128208,Vehicle,0.46504199504852295,8.229037145865348,Lejano,3.095412005168641
86,2.87067264957265,Vehicle,0.5395087003707886,8.818513659533595,Lejano,3.335474927378338
88,2.937432478632479,Vehicle,0.6118186116218567,8.442526541860998,Lejano,3.9462072098518957
90,3.004192307692308,Vehicle,0.6289817690849304,8.684227464357251,Lejano,3.929233100551105
92,3.070952136752137,Vehicle,0.7093554735183716,8.878137499057893,Lejano,4.310201932247809
92,3.070952136752137,Vehicle,0.33677995204925537,9.794515829646933,Lejano,1.7738579259448635
92,3.070952136752137,Vehicle,0.3319741487503052,5.117546236065916,Lejano,3.0820480986437193
94,3.137711965811966,Vehicle,0.6858819723129272,8.869850923280646,Lejano,4.158314942155777
94,3.137711965811966,Vehicle,0.4228111207485199,7.899094078491373,Lejano,2.9995297890879304
94,3.137711965811966,Vehicle,0.3757359981536865,5.439980411303771,Lejano,3.390361256453351
96,3.204471794871795,Vehicle,0.7201595902442932,8.505892632031344,Lejano,4.54227830555364
96,3.204471794871795,Vehicle,0.37201470136642456,3.8141332388328792,Medio,3.923748226993666
98,3.271231623931624,Vehicle,0.7242673635482788,8.674071871584806,Lejano,4.469407991923787
98,3.271231623931624,Vehicle,0.25278598070144653,3.011007987182949,Medio,2.884095490814921
100,3.337991452991453,Vehicle,0.7066001892089844,7.987040734255609,Lejano,4.706774736021263
100,3.337991452991453,Vehicle,0.40522414445877075,2.9989895728123948,Medio,4.6068614994328465
102,3.404751282051282,Vehicle,0.4124010503292084,2.980669477420214,Medio,4.688159520812789
102,3.404751282051282,Vehicle,0.2591540217399597,9.07341861804247,Lejano,1.5053979520915926
108,3.6050307692307695,Vehicle,0.29285258054733276,3.152104612005166,Medio,3.2260994693215315
110,3.6717905982905985,Pedestrian Infrastructure,0.43774285912513733,1.3182168514741675,Cercano,6.355272211807561
110,3.6717905982905985,Vehicle,0.3745890259742737,3.0431441097386385,Medio,4.144693765028866
112,3.7385504273504275,Pedestrian Infrastructure,0.5915716886520386,1.2527685861314892,Cercano,8.622713425321047
112,3.7385504273504275,Street Furniture,0.3913536071777344,3.0326917052594418,Medio,4.305742087414295
112,3.7385504273504275,Vehicle,0.3867374360561371,3.0947350328048233,Medio,4.228257026604827
114,3.8053102564102566,Pedestrian Infrastructure,0.7453802824020386,1.204987809771835,Cercano,10.900092753648474
114,3.8053102564102566,Vehicle,0.27953213453292847,3.184009695208961,Medio,3.024452894191616
116,3.8720700854700856,Pedestrian Infrastructure,0.7592594623565674,1.1498775692454326,Cercano,11.139926991200177
116,3.8720700854700856,Vehicle,0.3277735710144043,3.320335436658755,Medio,3.4910095718609067
118,3.9388299145299146,Pedestrian Infrastructure,0.8457284569740295,1.139150318642243,Cercano,12.416039928651966
118,3.9388299145299146,Vehicle,0.41906508803367615,3.033894294116643,Medio,4.5347199339388595
120,4.005589743589744,Pedestrian Infrastructure,0.8145774602890015,1.1240269683291253,Cercano,11.968526856518924
122,4.072349572649573,Pedestrian Infrastructure,0.7474578619003296,1.0569921325086455,Cercano,11.014095830689591
124,4.139109401709402,Pedestrian Infrastructure,0.7214953303337097,1.0518210948733435,Cercano,10.592199062268289
126,4.205869230769231,Pedestrian Infrastructure,0.7701495885848999,1.0854142209780597,Cercano,11.151624281068932
128,4.27262905982906,Pedestrian Infrastructure,0.5946707725524902,1.046038584969959,Cercano,8.619864670375724
130,4.339388888888889,Pedestrian Infrastructure,0.5424041152000427,1.0990078697771668,Cercano,7.754317022387122
134,4.472908547008547,Pedestrian Infrastructure,0.6002227663993835,1.0597147405360046,Cercano,8.523579259741394
136,4.539668376068376,Pedestrian Infrastructure,0.3374910354614258,0.8600385247180028,Cercano,5.034782122756512
138,4.606428205128205,Pedestrian Infrastructure,0.4089409112930298,0.9995780139480036,Cercano,5.895269759691913
140,4.673188034188034,Pedestrian Infrastructure,0.25363022089004517,0.9424580571811263,Cercano,3.729712447021195
